"","site","slope_mean","intercept_mean","slope_sd","intercept_sd"
"1","ibp",0.035089010858251,139.580820100839,0.0797328429818102,163.511653171073
"2","kansas",-0.0468761255720736,205.6235111827,0.0229668847713897,47.2900263359514
"3","oakville",-0.110987969772129,360.435501523573,0.0273971485170384,55.0953832428086
"4","vaira",-0.122863365614778,309.955788279023,0.0597692234980379,123.146345222017
